Country,Continent,2022 Population,2020 Population,2015 Population,2010 Population,Area,Destiny,Growth Rate,happiness,Social support,Healthy life expectancy,Freedom to make life choices,Generosity,Perceptions of corruption,Coastline (coast/area ratio),Net migration,Infant mortality (per 1000 births),GDP,Literacy (%),Phones (per 1000),Arable (%),Crops (%),Other (%),Climate,Birthrate,Deathrate,Agriculture,Industry,Service,total_alcohol_consumtion,iq
Afghanistan,Asia,41128771,38972230,33753499,28189672,652230,63.0587,1.0257,3.203,0.517,0.361,0.0,0.158,0.025,0.0,23.06,163.07,700.0,36.0,3.2,12.13,0.22,87.65,1.0,46.6,20.34,0.38,0.24,0.38,0.21,82.12
Albania,Europe,2842321,2866849,2882481,2913399,28748,98.8702,0.9957,4.719,0.848,0.874,0.383,0.178,0.027,1.26,-4.93,21.52,4500.0,86.5,71.2,21.09,4.42,74.49,3.0,15.11,5.22,0.232,0.188,0.579,7.17,81.75
Algeria,Africa,44903225,43451666,39543154,35856344,2381741,18.8531,1.0164,5.211,1.16,0.785,0.086,0.073,0.114,0.04,-0.39,31.0,6000.0,70.0,78.1,3.22,0.25,96.53,1.0,17.14,4.61,0.101,0.6,0.298,0.95,76.0
American Samoa,Oceania,44273,46189,51368,54849,199,222.4774,0.9831,,,,,,,58.29,-20.71,9.27,8000.0,97.0,259.5,10.0,15.0,75.0,2.0,22.46,3.27,,,,,
Andorra,Europe,79824,77700,71746,71519,468,170.5641,1.01,,,,,,,0.0,6.6,4.05,19000.0,100.0,497.2,2.22,0.0,97.78,3.0,8.71,6.25,,,,11.02,95.2
Angola,Africa,35588987,33428485,28127721,23364185,1246700,28.5466,1.0315,,,,,,,0.13,0.0,191.19,1900.0,42.0,7.8,2.41,0.24,97.35,,45.11,24.2,0.096,0.658,0.246,6.94,75.1
Anguilla,North America,15857,15585,14525,13172,91,174.2527,1.0066,,,,,,,59.8,10.76,21.03,8600.0,95.0,460.0,0.0,0.0,100.0,2.0,14.17,5.34,0.04,0.18,0.78,,
Argentina,South America,45510318,45036032,43257065,41100123,2780400,16.3683,1.0052,6.086,1.432,0.881,0.471,0.066,0.05,0.18,0.61,15.18,11200.0,97.1,220.4,12.31,0.48,87.21,3.0,16.73,7.55,0.095,0.358,0.547,9.65,86.63
Armenia,Asia,2780469,2805608,2878595,2946293,29743,93.4831,0.9962,4.559,1.055,0.815,0.283,0.095,0.064,0.0,-6.47,23.28,3500.0,98.6,195.7,17.55,2.3,80.15,4.0,12.07,8.23,0.239,0.343,0.418,5.55,88.82
Aruba,North America,106445,106585,104257,100341,180,591.3611,0.9991,,,,,,,35.49,0.0,5.89,28000.0,97.0,516.1,10.53,0.0,89.47,2.0,11.03,6.68,0.004,0.333,0.663,,
Australia,Oceania,26177413,25670051,23820236,22019168,7692024,3.4032,1.0099,7.228,1.548,1.036,0.557,0.332,0.29,0.34,3.98,4.69,29000.0,100.0,565.5,6.55,0.04,93.41,1.0,12.14,7.51,0.038,0.262,0.7,10.51,99.24
Austria,Europe,8939617,8907777,8642421,8362829,83871,106.5877,1.002,7.246,1.475,1.016,0.532,0.244,0.226,0.0,2.0,4.66,30000.0,98.0,452.2,16.91,0.86,82.23,3.0,8.74,9.76,0.018,0.304,0.678,11.96,98.38
Azerbaijan,Asia,10358074,10284951,9863480,9237202,86600,119.6082,1.0044,5.208,1.147,0.769,0.351,0.035,0.182,0.0,-4.9,81.74,3400.0,97.0,137.1,19.63,2.71,77.66,1.0,20.74,9.75,0.141,0.457,0.402,4.41,84.81
Bahrain,Asia,1472233,1477469,1362142,1213645,765,1924.4876,1.0061,6.199,1.368,0.871,0.536,0.255,0.11,24.21,1.05,17.27,16900.0,89.1,281.3,2.82,5.63,91.55,1.0,17.8,4.14,0.005,0.387,0.608,1.09,83.6
Bangladesh,Asia,171186372,167420951,157830000,148391139,147570,1160.035,1.0108,4.456,0.928,0.723,0.527,0.166,0.143,0.4,-0.71,62.6,1900.0,43.1,7.3,62.11,3.07,34.82,2.0,29.8,8.27,0.199,0.198,0.603,0.019,74.33
Barbados,North America,281635,280693,278083,274711,430,654.9651,1.0015,,,,,,,22.51,-0.31,12.5,15700.0,97.4,481.9,37.21,2.33,60.46,2.0,12.71,8.67,0.06,0.16,0.78,9.69,91.6
Belarus,Europe,9534954,9633740,9700609,9731427,207600,45.9295,0.9955,5.323,1.465,0.789,0.235,0.094,0.142,0.0,2.54,13.37,6100.0,99.6,319.1,29.55,0.6,69.85,4.0,11.16,14.02,0.093,0.316,0.591,11.45,101.6
Belgium,Europe,11655930,11561717,11248303,10877947,30528,381.8111,1.0038,6.923,1.504,0.986,0.473,0.16,0.21,0.22,1.23,4.68,29100.0,98.0,462.6,23.28,0.4,76.32,3.0,10.38,10.27,0.01,0.24,0.749,11.08,97.49
Belize,North America,405272,394921,359871,322106,22966,17.6466,1.0131,,,,,,,1.68,0.0,25.69,4900.0,94.1,115.7,2.85,1.71,95.44,2.0,28.84,5.72,0.142,0.152,0.612,6.22,62.55
Benin,Africa,13352864,12643123,10932783,9445710,112622,118.5635,1.0274,4.883,0.437,0.397,0.349,0.175,0.082,0.11,0.0,85.0,1100.0,40.9,9.7,18.08,2.4,79.52,2.0,38.85,12.22,0.316,0.138,0.546,2.81,69.71
Bermuda,North America,64184,64031,63144,63447,54,1188.5926,1.0,,,,,,,194.34,2.49,8.53,36000.0,98.0,851.4,20.0,0.0,80.0,2.0,11.4,7.74,0.01,0.1,0.89,,93.48
Bhutan,Asia,782455,772506,743274,705516,38394,20.3796,1.0064,5.082,1.321,0.604,0.457,0.37,0.167,0.0,0.0,100.44,1300.0,42.2,14.3,3.09,0.43,96.48,2.0,33.65,12.7,0.258,0.379,0.363,0.43,87.94
Bolivia,South America,12224110,11936162,11090085,10223270,1098581,11.1272,1.012,5.779,1.209,0.706,0.511,0.137,0.064,0.0,-1.32,53.11,2400.0,87.2,71.9,2.67,0.19,97.14,1.5,23.3,7.53,0.128,0.352,0.52,4.43,76.53
Botswana,Africa,2630296,2546402,2305171,2091664,582000,4.5194,1.0162,3.488,1.145,0.538,0.455,0.025,0.1,0.0,0.0,54.58,9000.0,79.8,80.5,0.65,0.01,99.34,1.0,23.08,29.5,0.024,0.469,0.507,6.59,69.45
Brazil,South America,215313498,213196304,205188205,196353492,8515767,25.2841,1.0046,6.3,1.439,0.802,0.39,0.099,0.086,0.09,-0.03,29.61,7600.0,86.4,225.3,6.96,0.9,92.15,2.0,16.56,6.17,0.084,0.4,0.516,7.42,83.38
Brunei,Asia,449002,441725,421437,396053,5765,77.8841,1.0081,,,,,,,2.79,3.59,12.61,18600.0,93.9,237.2,0.57,0.76,98.67,2.0,18.79,3.45,0.036,0.561,0.403,0.48,87.58
Bulgaria,Europe,6781953,6979175,7309253,7592273,110879,61.1654,0.9849,5.011,1.513,0.815,0.311,0.081,0.004,0.32,-4.58,20.55,7600.0,98.6,336.3,40.02,1.92,58.06,3.0,9.65,14.27,0.093,0.304,0.603,12.65,90.99
Burkina Faso,Africa,22673762,21522626,18718019,16116845,272967,83.0641,1.0259,4.587,1.056,0.38,0.255,0.177,0.113,0.0,0.0,97.57,1100.0,26.6,7.0,14.43,0.19,85.38,2.0,45.62,15.6,0.322,0.196,0.482,12.03,73.8
Burundi,Africa,12889576,12220227,10727148,9126605,27834,463.0874,1.027,3.775,0.447,0.38,0.22,0.176,0.18,0.0,-0.06,69.29,600.0,51.6,3.4,35.05,14.02,50.93,2.0,42.22,13.46,0.463,0.203,0.334,7.19,72.09
Cambodia,Asia,16767842,16396860,15417523,14363532,181035,92.6221,1.0108,4.7,1.122,0.637,0.609,0.232,0.062,0.24,0.0,71.48,1900.0,69.4,2.6,20.96,0.61,78.43,2.0,26.9,9.06,0.35,0.3,0.35,6.64,99.75
Cameroon,Africa,27914536,26491087,23012646,19878036,475442,58.7128,1.0263,5.044,0.91,0.331,0.381,0.187,0.037,0.08,0.0,68.26,1800.0,79.0,5.7,12.81,2.58,84.61,1.5,33.89,13.47,0.448,0.17,0.382,5.65,67.76
Canada,North America,38454327,37888705,35732126,33963412,9984670,3.8513,1.0078,7.278,1.505,1.039,0.584,0.285,0.308,2.02,5.96,4.75,29800.0,97.0,552.2,4.96,0.02,95.02,,10.78,7.8,0.022,0.294,0.684,8.94,99.52
Cape Verde,Africa,593149,582640,552166,521212,4033,147.0739,1.0089,,,,,,,23.93,-12.07,47.77,1400.0,76.6,169.6,9.68,0.5,89.82,3.0,24.87,6.55,0.121,0.219,0.66,5.6,52.5
Cayman Islands,North America,68706,67311,60911,54074,264,260.25,1.0084,,,,,,,61.07,18.75,8.19,35000.0,98.0,836.3,3.85,0.0,96.15,2.0,12.74,4.89,0.014,0.032,0.954,,82.24
Chad,Africa,17723315,16644701,14140274,11894727,1284000,13.8032,1.0316,4.35,0.766,0.192,0.174,0.198,0.078,0.0,-0.11,93.82,1200.0,47.5,1.3,2.86,0.02,97.12,2.0,45.73,16.38,0.335,0.259,0.406,1.37,78.87
Chile,South America,19603733,19300315,17870124,17004162,756102,25.9274,1.0057,6.444,1.369,0.92,0.357,0.187,0.056,0.85,0.0,8.8,9900.0,96.2,213.0,2.65,0.42,96.93,3.0,15.23,5.81,0.06,0.493,0.447,9.07,87.89
China,Asia,1425887337,1424929781,1393715448,1348191368,9706961,146.8933,1.0,5.191,1.125,0.893,0.521,0.058,0.1,0.15,-0.4,24.18,5000.0,90.9,266.7,15.4,1.25,83.35,1.5,13.25,6.97,0.125,0.473,0.403,7.05,104.1
Colombia,South America,51874024,50930662,47119728,44816108,1141748,45.4339,1.0069,6.125,1.41,0.841,0.47,0.099,0.034,0.28,-0.31,20.97,6300.0,92.5,176.2,2.42,1.67,95.91,2.0,20.48,5.58,0.125,0.342,0.533,5.74,83.13
Comoros,Africa,836774,806166,730216,656024,1862,449.3953,1.0184,3.973,0.757,0.505,0.142,0.275,0.078,15.67,0.0,74.93,700.0,56.5,24.5,35.87,23.32,40.81,2.0,36.93,8.2,0.4,0.04,0.56,0.69,77.07
Cook Islands,Oceania,17011,17029,17695,17212,236,72.0805,1.0005,,,,,,,50.0,,,5000.0,95.0,289.9,17.39,13.04,69.57,2.0,21.0,,0.151,0.096,0.753,,83.96
Costa Rica,North America,5180829,5123105,4895242,4622252,51100,101.3861,1.0052,7.167,1.441,0.963,0.558,0.144,0.093,2.52,0.51,9.95,9100.0,96.0,340.7,4.41,5.88,89.71,2.0,18.32,4.36,0.088,0.299,0.614,4.87,88.34
Croatia,Europe,4030358,4096868,4254815,4368682,56594,71.2153,0.9927,5.432,1.266,0.914,0.296,0.119,0.022,10.32,1.58,6.84,10600.0,98.5,420.4,26.09,2.27,71.65,,9.61,11.48,0.07,0.308,0.622,9.23,95.75
Cuba,North America,11212191,11300698,11339894,11290417,109884,102.0366,0.9961,,,,,,,3.37,-1.58,6.33,2900.0,97.0,74.7,33.05,7.6,59.35,2.0,11.89,7.22,0.055,0.261,0.684,5.83,83.9
Cyprus,Europe,1251488,1237537,1187280,1129686,9251,135.2814,1.0059,6.046,1.223,1.042,0.406,0.19,0.041,7.01,0.43,7.18,19200.0,97.6,,7.79,4.44,87.77,3.0,12.56,7.68,0.037,0.198,0.765,10.81,93.39
Czech Republic,Europe,10493986,10530953,10523798,10464749,78865,133.0627,0.9984,6.852,1.487,0.92,0.457,0.046,0.036,0.0,0.97,3.93,15700.0,99.9,314.3,39.8,3.05,57.15,3.0,9.02,10.59,0.034,0.393,0.573,,94.92
Denmark,Europe,5882261,5825641,5677796,5550849,43094,136.4984,1.0048,7.6,1.573,0.996,0.592,0.252,0.41,16.97,2.48,4.56,31100.0,100.0,614.6,54.02,0.19,45.79,3.0,11.13,10.36,0.018,0.246,0.735,10.26,97.83
Djibouti,Africa,1120849,1090156,1006259,919199,23200,48.3125,1.0138,,,,,,,1.37,0.0,104.13,1300.0,67.9,22.8,0.04,0.0,99.96,1.0,39.53,19.31,0.179,0.225,0.596,0.43,68.41
Dominica,North America,72737,71995,70007,68755,751,96.8535,1.0045,,,,,,,19.63,-13.87,14.15,5400.0,94.0,304.8,6.67,20.0,73.33,2.0,15.27,6.73,0.177,0.328,0.495,11.18,66.03
Dominican Republic,North America,11228821,10999664,10405832,9775755,48671,230.7087,1.01,5.425,1.401,0.779,0.497,0.113,0.101,2.64,-3.22,32.38,6000.0,84.7,97.4,22.65,10.33,67.02,2.0,23.22,5.73,0.112,0.306,0.582,6.68,82.05
Ecuador,South America,18001000,17588595,16195902,14989585,276841,65.0229,1.0114,6.028,1.312,0.868,0.498,0.126,0.087,0.79,-8.58,23.66,3300.0,92.5,125.6,5.85,4.93,89.22,2.0,22.29,4.23,0.07,0.312,0.618,4.2,78.26
Egypt,Africa,110990103,107465134,97723799,87252413,1002450,110.7188,1.0158,4.166,1.039,0.644,0.241,0.076,0.067,0.24,-0.22,32.59,4000.0,57.7,131.8,2.87,0.48,96.65,1.0,22.94,5.23,0.149,0.357,0.493,0.36,76.32
El Salvador,North America,6336392,6292731,6231066,6114034,21041,301.145,1.0035,6.253,1.242,0.789,0.43,0.093,0.074,1.46,-3.74,25.1,4800.0,80.2,142.4,31.85,12.07,56.08,2.0,26.61,5.78,0.099,0.302,0.599,3.89,69.63
Equatorial Guinea,Africa,1674908,1596049,1346973,1094524,28051,59.7094,1.0247,,,,,,,1.06,0.0,85.13,2700.0,85.7,18.5,4.63,3.57,91.8,2.0,35.59,15.06,0.03,0.906,0.062,7.23,
Eritrea,Africa,3684032,3555868,3340006,3147727,117600,31.3268,1.0176,,,,,,,1.84,0.0,74.87,700.0,58.6,7.9,4.95,0.03,95.02,1.5,34.33,9.6,0.102,0.254,0.643,1.44,68.77
Estonia,Europe,1326062,1329444,1314657,1331535,45227,29.3201,0.998,5.893,1.528,0.874,0.495,0.103,0.161,8.39,-3.16,7.87,12300.0,99.8,333.8,16.04,0.45,83.51,3.0,10.04,13.25,0.04,0.294,0.666,9.23,100.72
Ethiopia,Africa,123379924,117190911,102471895,89237791,1104300,111.7268,1.0257,4.286,1.033,0.532,0.344,0.209,0.1,0.0,0.0,95.32,700.0,42.7,8.2,10.71,0.75,88.54,2.0,37.98,14.86,0.475,0.099,0.426,2.36,68.42
Faroe Islands,Europe,53090,52415,48816,48410,1393,38.112,1.0038,,,,,,,79.84,1.41,6.24,22000.0,,503.8,2.14,0.0,97.86,,14.05,8.7,0.27,0.11,0.62,,
Fiji,Oceania,929766,920422,917200,905169,18272,50.8847,1.0056,,,,,,,6.18,-3.14,12.62,5800.0,93.7,112.6,10.95,4.65,84.4,2.0,22.55,5.65,0.089,0.135,0.776,3.32,83.96
Finland,Europe,5540745,5529468,5479461,5363271,338424,16.3722,1.0009,7.769,1.587,0.986,0.596,0.153,0.393,0.37,0.95,3.57,27400.0,100.0,405.3,7.19,0.03,92.78,3.0,10.45,9.86,0.028,0.295,0.676,10.78,101.2
France,Europe,64626628,64480053,63809769,62444567,551695,117.1419,1.0015,6.592,1.472,1.045,0.436,0.111,0.183,0.63,0.66,4.26,27600.0,99.0,586.4,33.53,2.07,64.4,4.0,11.99,9.14,0.022,0.214,0.764,12.33,96.69
French Guiana,South America,304557,290969,257026,228453,83534,3.6459,1.0239,,,,,,,0.42,6.27,12.07,8300.0,83.0,255.6,0.14,0.05,99.81,2.0,20.46,4.88,0.066,0.156,0.778,,
French Polynesia,Oceania,306279,301920,291787,283788,4167,73.5011,1.0074,,,,,,,60.6,2.94,8.44,17500.0,98.0,194.5,0.82,5.46,93.72,2.0,16.68,4.69,0.031,0.19,0.769,,
Gabon,Africa,2388992,2292573,2028517,1711105,267668,8.9252,1.0204,4.799,1.183,0.571,0.295,0.043,0.055,0.33,0.0,53.64,5500.0,63.2,27.4,1.26,0.66,98.08,2.0,36.16,12.25,0.061,0.592,0.348,8.74,62.97
Georgia,Asia,3744385,3765912,3771132,3836831,69700,53.7214,0.9964,4.519,0.666,0.752,0.346,0.043,0.164,0.44,-4.7,18.59,2500.0,99.0,146.6,11.44,3.86,84.7,3.0,10.41,9.23,0.172,0.275,0.553,8.25,84.5
Germany,Europe,83369843,83328988,82073226,81325090,357114,233.4544,0.9995,6.985,1.454,0.987,0.495,0.261,0.265,0.67,2.18,4.16,27600.0,99.0,667.9,33.85,0.59,65.56,3.0,8.25,10.62,0.009,0.296,0.695,12.91,100.74
Ghana,Africa,33475870,32180401,28870939,25574719,238533,140.3406,1.0196,4.996,0.868,0.486,0.381,0.245,0.04,0.23,-0.64,51.43,2200.0,74.8,14.4,16.26,9.67,74.07,2.0,30.52,9.72,0.366,0.246,0.387,2.75,58.16
Gibraltar,Europe,32649,32709,32520,31262,6,5441.5,0.9994,,,,,,,171.43,0.0,5.13,17500.0,,877.7,0.0,0.0,100.0,,10.74,9.31,,,,,
Greece,Europe,10384971,10512232,10806641,11033783,131990,78.68,0.9942,5.287,1.156,0.999,0.067,0.0,0.034,10.37,2.35,5.53,20000.0,97.5,589.7,21.1,8.78,70.12,3.0,9.68,10.24,0.054,0.213,0.733,10.18,90.77
Greenland,North America,56466,56026,55895,56351,2166086,0.0261,1.004,,,,,,,2.04,-8.37,15.82,20000.0,,448.9,0.0,0.0,100.0,1.0,15.93,7.84,,,,,98.89
Grenada,North America,125438,123663,118980,114039,344,364.6453,1.0066,,,,,,,35.17,-13.92,14.62,5000.0,98.0,364.5,5.88,29.41,64.71,2.0,22.08,6.88,0.054,0.18,0.766,9.48,79.34
Guadeloupe,North America,395752,395642,399089,403072,1628,243.0909,0.9992,,,,,,,17.19,-0.15,8.6,8000.0,90.0,463.8,11.24,3.55,85.21,2.0,15.05,6.09,0.15,0.17,0.68,,
Guam,Oceania,171774,169231,167978,164905,549,312.8852,1.0073,,,,,,,23.2,0.0,6.94,21000.0,99.0,492.0,9.09,16.36,74.55,2.0,18.79,4.48,,,,,
Guatemala,North America,17843908,17362718,16001107,14543121,108889,163.8725,1.0134,6.436,1.269,0.746,0.535,0.175,0.078,0.37,-1.67,35.93,4100.0,70.6,92.1,12.54,5.03,82.43,2.0,29.88,5.2,0.227,0.188,0.585,2.45,47.72
Guernsey,Europe,63301,62794,61629,60782,78,811.5513,1.0037,,,,,,,64.1,3.84,4.71,20000.0,,842.4,,,,3.0,8.81,10.01,0.03,0.1,0.87,,
Guinea,Africa,13859341,13205153,11625998,10270728,245857,56.3716,1.0242,4.534,0.829,0.375,0.332,0.207,0.086,0.13,-3.06,90.37,2100.0,35.9,2.7,3.63,2.58,93.79,2.0,41.76,15.48,0.237,0.362,0.401,1.11,53.48
Guinea-Bissau,Africa,2105566,2015828,1788919,1567220,36125,58.2856,1.0218,,,,,,,0.97,-1.57,107.17,800.0,42.4,7.4,10.67,8.82,80.51,2.0,37.22,16.53,0.62,0.12,0.26,5.38,
Guyana,South America,808726,797202,755031,747932,214969,3.7621,1.0052,,,,,,,0.21,-2.07,33.26,4000.0,98.8,143.5,2.44,0.15,97.41,2.0,18.28,8.28,0.37,0.203,0.427,6.89,83.23
Haiti,North America,11584996,11306801,10563757,9842880,27750,417.4773,1.012,3.597,0.688,0.449,0.026,0.419,0.11,6.38,-3.4,73.45,1600.0,52.9,16.9,28.3,11.61,60.09,2.0,36.44,12.17,0.28,0.2,0.52,2.73,82.1
Honduras,North America,10432860,10121763,9294505,8450933,112492,92.7431,1.015,5.86,1.236,0.828,0.507,0.246,0.078,0.73,-1.99,29.32,2600.0,76.2,67.5,9.55,3.22,87.23,2.0,28.24,5.28,0.139,0.312,0.549,3.76,62.16
Hong Kong,Asia,7488865,7500958,7399838,7132438,1104,6783.3922,0.9992,5.43,1.277,1.122,0.44,0.258,0.287,67.12,5.24,2.97,28800.0,93.5,546.7,5.05,1.01,93.94,2.0,7.29,6.29,0.001,0.092,0.906,,105.37
Hungary,Europe,9967308,9750573,9844246,9986825,93028,107.1431,1.0265,5.758,1.41,0.828,0.199,0.081,0.02,0.0,0.86,8.57,13900.0,99.4,336.2,50.09,2.06,47.85,3.0,9.72,13.11,0.037,0.312,0.651,11.35,99.24
Iceland,Europe,372899,366669,331060,318333,103000,3.6204,1.0069,7.494,1.624,1.026,0.591,0.354,0.118,4.83,2.38,3.31,30900.0,99.9,647.7,0.07,0.0,99.93,3.0,13.64,6.72,0.086,0.15,0.765,9.12,98.26
India,Asia,1417173173,1396387127,1322866505,1240613620,3287590,431.0675,1.0068,4.015,0.765,0.588,0.498,0.2,0.085,0.21,-0.07,56.29,2900.0,59.5,45.4,54.4,2.74,42.86,2.5,22.01,8.18,0.186,0.276,0.538,5.54,76.24
Indonesia,Asia,275501339,271857970,259091970,244016173,1904569,144.6529,1.0064,5.192,1.203,0.66,0.491,0.498,0.028,2.85,0.0,35.6,3200.0,87.9,52.0,11.32,7.23,81.45,2.0,20.34,6.25,0.134,0.458,0.408,0.57,78.49
Iran,Asia,88550570,87290193,81790841,75373855,1648195,53.7258,1.0071,4.548,0.842,0.785,0.305,0.27,0.125,0.15,-0.84,41.58,7000.0,79.4,276.4,8.72,1.39,89.89,1.0,17.0,5.55,0.116,0.424,0.46,1.03,80.01
Iraq,Asia,44496122,42556984,37757813,31264875,438317,101.5158,1.0221,4.437,0.98,0.574,0.241,0.148,0.089,0.01,0.0,50.25,1500.0,40.4,38.6,13.15,0.78,86.07,1.0,31.98,5.37,0.073,0.666,0.261,0.39,89.28
Ireland,Europe,5023109,4946119,4665760,4524585,70273,71.4799,1.0073,7.021,1.553,0.999,0.516,0.298,0.31,2.06,4.99,5.39,29600.0,98.0,500.5,15.2,0.03,84.77,3.0,14.45,7.82,0.05,0.46,0.49,12.88,95.13
Isle of Man,Europe,84519,84046,83593,83828,572,147.7605,1.003,,,,,,,27.97,5.36,5.93,21000.0,,676.0,9.0,0.0,91.0,3.0,11.05,11.19,0.01,0.13,0.86,,
Israel,Asia,9038309,8757489,8007778,7328445,20770,435.1617,1.0155,7.139,1.455,1.029,0.371,0.261,0.082,1.31,0.68,7.03,19800.0,95.4,462.3,16.39,4.17,79.44,3.0,17.97,6.18,0.026,0.317,0.657,4.21,92.43
Italy,Europe,59037474,59500579,60232906,59822450,301336,195.9191,0.9966,6.223,1.488,1.039,0.231,0.158,0.03,2.52,2.07,5.94,26700.0,98.6,430.9,27.79,9.53,62.68,,8.72,10.4,0.021,0.291,0.688,7.84,94.23
Jamaica,North America,2827377,2820436,2794445,2733896,10991,257.2447,0.9999,5.89,1.478,0.831,0.49,0.107,0.028,9.3,-4.92,12.36,3900.0,87.9,124.0,16.07,10.16,73.77,2.0,20.82,6.52,0.049,0.337,0.615,4.22,75.08
Japan,Asia,123951692,125244761,127250933,128105431,377930,327.9753,0.9947,5.886,1.419,1.088,0.445,0.069,0.14,7.87,0.0,3.26,28200.0,99.0,461.2,12.19,0.96,86.85,3.0,9.37,9.16,0.017,0.258,0.725,7.96,106.48
Jersey,Europe,110778,108319,100561,96151,116,954.9828,1.0106,,,,,,,60.34,2.76,5.24,24800.0,,811.3,0.0,0.0,100.0,3.0,9.3,9.28,0.05,0.02,0.93,,
Jordan,Asia,11285869,10928721,9494246,6931258,89342,126.3221,1.0123,4.906,1.225,0.815,0.383,0.11,0.13,0.03,6.59,17.35,4300.0,91.3,104.5,2.67,1.83,95.5,1.0,21.25,2.65,0.033,0.287,0.68,0.69,80.7
Kazakhstan,Asia,19397998,18979243,17835909,16627837,2724900,7.1188,1.0105,5.809,1.508,0.729,0.41,0.146,0.096,0.0,-3.35,29.21,6300.0,98.4,164.1,7.98,0.05,91.97,4.0,16.0,9.42,0.067,0.386,0.547,4.76,88.89
Kenya,Africa,54027487,51985780,46851488,41517895,580367,93.0919,1.0193,4.509,0.983,0.581,0.431,0.372,0.053,0.09,-0.1,61.47,1000.0,85.1,8.1,8.08,0.98,90.94,1.5,39.72,14.02,0.163,0.188,0.651,2.78,75.2
Kiribati,Oceania,131232,126463,116707,107995,811,161.815,1.0183,,,,,,,140.94,0.0,48.52,800.0,,42.7,2.74,50.68,46.58,2.0,30.65,8.26,0.089,0.242,0.668,0.46,83.96
Kuwait,Asia,4268873,4360444,3908743,2943356,17818,239.5821,1.0044,6.021,1.319,0.808,0.493,0.142,0.097,2.8,14.18,9.95,19000.0,83.5,211.0,0.73,0.11,99.16,1.0,21.94,2.41,0.004,0.479,0.516,0.003,78.64
Kyrgyzstan,Asia,6630623,6424874,5914980,5483774,199951,33.1612,1.0158,5.261,1.438,0.723,0.508,0.3,0.023,0.0,-2.45,35.64,1600.0,97.0,84.0,7.3,0.35,92.35,2.5,22.8,7.08,0.353,0.208,0.439,6.26,79.09
Laos,Asia,7529475,7319399,6787419,6323418,236800,31.7968,1.0141,4.796,1.03,0.551,0.547,0.266,0.164,0.0,0.0,85.22,1700.0,66.4,14.1,3.8,0.35,95.85,2.0,35.49,11.55,0.455,0.287,0.258,10.72,80.99
Latvia,Europe,1850651,1897052,1991955,2101530,64559,28.666,0.9876,5.94,1.465,0.812,0.264,0.075,0.064,0.82,-2.23,9.55,10200.0,99.8,321.4,29.67,0.47,69.86,3.0,9.24,13.66,0.04,0.261,0.699,12.77,94.79
Lebanon,Asia,5489739,5662923,6398940,4995800,10452,525.2334,0.9816,5.197,1.224,0.815,0.216,0.166,0.027,2.16,0.0,24.52,4800.0,87.4,255.6,16.62,13.98,69.4,,18.52,6.21,0.12,0.21,0.67,1.71,81.7
Lesotho,Africa,2305825,2254100,2118521,2022747,30355,75.962,1.0107,3.802,1.169,0.168,0.359,0.107,0.093,0.0,-0.74,84.23,3000.0,84.8,23.7,10.87,0.13,89.0,3.0,24.75,28.71,0.163,0.443,0.394,4.59,68.87
Liberia,Africa,5302681,5087584,4612329,4019956,111369,47.6136,1.021,3.975,0.922,0.443,0.37,0.233,0.033,0.52,0.0,128.87,1000.0,57.5,2.3,3.95,2.28,93.77,2.0,44.77,23.1,0.769,0.054,0.177,6.12,45.07
Libya,Africa,6812341,6653942,6192235,6491988,1759540,3.8717,1.0114,5.525,1.303,0.673,0.416,0.133,0.152,0.1,0.0,24.6,6400.0,82.6,127.1,1.03,0.19,98.78,,26.49,3.48,0.076,0.499,0.425,0.019,80.92
Liechtenstein,Europe,39327,38756,37355,35926,160,245.7937,1.0074,,,,,,,0.0,4.85,4.7,25000.0,100.0,585.5,25.0,0.0,75.0,4.0,10.21,7.18,0.06,0.39,0.55,,101.07
Lithuania,Europe,2750055,2820267,2963765,3139019,65300,42.1142,0.9869,6.149,1.515,0.818,0.291,0.043,0.042,0.14,-0.71,6.89,11400.0,99.6,223.4,45.22,0.91,53.87,,8.75,10.98,0.055,0.325,0.62,13.22,95.89
Luxembourg,Europe,647599,630399,569408,507070,2586,250.425,1.0129,7.09,1.479,1.012,0.526,0.194,0.316,0.0,8.97,4.81,55100.0,100.0,515.4,23.28,0.4,76.32,,11.94,8.41,0.01,0.13,0.86,12.94,99.87
Macau,Asia,695168,676283,615239,557297,30,23172.2667,1.0125,,,,,,,146.43,4.86,4.39,19400.0,94.5,384.9,0.0,0.0,100.0,2.0,8.48,4.47,0.001,0.072,0.927,,99.82
Madagascar,Africa,29611714,28225177,24850912,21731053,587041,50.4423,1.0241,3.933,0.916,0.555,0.148,0.169,0.041,0.82,0.0,76.83,800.0,68.9,3.6,5.07,1.03,93.91,2.0,41.41,11.11,0.276,0.165,0.559,1.97,76.79
Malawi,Africa,20405317,19377061,16938942,14718422,118484,172.22,1.0259,3.41,0.56,0.495,0.443,0.218,0.089,0.0,0.0,103.32,600.0,62.7,7.9,23.38,1.49,75.13,2.0,43.13,19.33,0.342,0.158,0.499,3.63,69.7
Malaysia,Asia,33938221,33199993,31068833,28717731,330803,102.5934,1.0109,5.339,1.171,0.828,0.508,0.26,0.024,1.42,0.0,17.7,9000.0,88.7,179.0,5.48,17.61,76.91,2.0,22.86,5.05,0.084,0.48,0.436,0.85,87.58
Maldives,Asia,523787,514438,435582,361575,300,1745.9567,1.0045,,,,,,,214.67,0.0,56.52,3900.0,97.2,90.0,13.33,16.67,70.0,2.0,34.81,7.06,0.2,0.18,0.62,2.22,80.54
Mali,Africa,22593590,21224040,18112907,15529181,1240192,18.2178,1.0314,4.39,1.105,0.308,0.327,0.153,0.052,0.0,-0.33,116.79,900.0,46.4,6.4,3.82,0.03,96.15,2.0,49.82,16.89,0.45,0.17,0.38,1.28,59.76
Malta,Europe,533286,515357,456579,418755,316,1687.6139,1.0124,6.726,1.52,0.999,0.564,0.375,0.151,62.28,2.07,3.89,17700.0,92.8,505.0,28.13,3.13,68.74,,10.22,8.1,0.03,0.23,0.74,7.99,91.27
Marshall Islands,Oceania,41569,43413,49410,53416,181,229.663,0.9886,,,,,,,3.12,-6.04,29.45,1600.0,93.7,91.2,16.67,38.89,44.44,2.0,33.05,4.78,0.317,0.149,0.534,,83.96
Martinique,North America,367507,370391,383515,392181,1128,325.8041,0.9965,,,,,,,31.82,-0.05,7.09,14400.0,97.7,394.4,10.38,9.43,80.19,2.0,13.74,6.48,0.06,0.11,0.83,,
Mauritania,Africa,4736139,4498604,3946220,3419461,1030700,4.5951,1.0263,4.49,1.167,0.489,0.066,0.106,0.088,0.07,0.0,70.89,1800.0,41.7,12.9,0.48,0.01,99.51,1.0,40.99,12.16,0.25,0.29,0.46,0.036,59.76
Mauritius,Africa,1299469,1297828,1293153,1283330,2040,636.9946,1.0004,5.888,1.402,0.798,0.498,0.215,0.06,8.68,-0.9,15.03,11400.0,85.6,289.3,49.26,2.96,47.78,2.0,15.43,6.86,0.059,0.298,0.643,4.35,86.56
Mayotte,Africa,326101,305587,249545,211786,374,871.9278,1.0319,,,,,,,49.52,6.78,62.4,2600.0,,49.7,,,,2.0,40.95,7.7,,,,,
Mexico,North America,127504125,125998302,120149897,112532401,1964375,64.9082,1.0063,6.595,1.323,0.861,0.433,0.074,0.073,0.47,-4.87,20.91,9000.0,92.2,181.6,12.99,1.31,85.7,1.5,20.69,4.74,0.038,0.259,0.702,5.0,87.73
Moldova,Europe,3272996,3084847,3277388,3678186,33846,96.7026,1.0691,5.529,1.328,0.739,0.245,0.181,0.0,0.0,-0.26,40.42,1800.0,99.1,208.1,55.3,10.79,33.91,,15.7,12.64,0.213,0.233,0.555,11.43,89.98
Monaco,Europe,36469,36922,36760,33178,2,18234.5,0.9941,,,,,,,205.0,7.75,5.43,27000.0,99.0,1035.6,0.0,0.0,100.0,,9.19,12.91,0.17,,,,
Mongolia,Asia,3398366,3294335,2964749,2702520,1564110,2.1727,1.0151,5.285,1.531,0.667,0.317,0.235,0.038,0.0,0.0,53.79,1800.0,97.8,55.1,0.77,0.0,99.23,1.0,21.59,6.95,0.206,0.214,0.58,8.19,91.03
Montserrat,North America,4390,4500,5059,4938,102,43.0392,0.9939,,,,,,,39.22,0.0,7.35,3400.0,97.0,,20.0,0.0,80.0,2.0,17.59,7.1,,,,,
Morocco,Africa,37457971,36688772,34680458,32464865,446550,83.883,1.0103,5.208,0.782,0.782,0.418,0.036,0.076,0.41,-0.98,41.62,4000.0,51.7,40.4,19.61,2.17,78.22,,21.98,5.58,0.217,0.357,0.426,0.69,67.03
Mozambique,Africa,32969517,31178239,26843246,23073723,801590,41.1302,1.0278,4.466,0.986,0.39,0.494,0.197,0.138,0.31,0.0,130.79,1200.0,47.8,3.5,5.1,0.3,94.6,2.0,35.18,21.35,0.262,0.348,0.39,2.3,72.5
Namibia,Africa,2567012,2489098,2282704,2099271,825615,3.1092,1.0146,4.639,1.313,0.477,0.401,0.07,0.056,0.19,0.0,48.98,7200.0,84.0,62.6,0.99,0.0,99.01,1.0,24.32,18.86,0.097,0.315,0.588,5.43,66.19
Nauru,Oceania,12668,12315,11185,10241,21,603.2381,1.0125,,,,,,,142.86,0.0,9.95,5000.0,,143.0,0.0,0.0,100.0,2.0,24.76,6.7,,,,3.71,
Nepal,Asia,30547580,29348627,27610325,27161567,147181,207.5511,1.0171,4.913,1.226,0.677,0.439,0.285,0.089,0.0,0.0,66.98,1400.0,45.2,15.9,21.68,0.64,77.68,,30.98,9.31,0.38,0.21,0.41,2.05,42.99
Netherlands,Europe,17564014,17434557,17041107,16617116,41850,419.6897,1.0036,7.488,1.522,0.999,0.557,0.322,0.298,1.09,2.91,5.04,28600.0,99.0,460.8,26.71,0.97,72.32,3.0,10.9,8.68,0.021,0.244,0.736,9.61,100.74
New Caledonia,Oceania,289950,286403,283032,261426,18575,15.6097,1.0075,,,,,,,11.83,0.0,7.72,15000.0,91.0,252.2,0.38,0.33,99.29,2.0,18.11,5.69,0.15,0.088,0.762,,93.92
New Zealand,Oceania,5185288,5061133,4590590,4346338,270467,19.1716,1.0108,7.307,1.557,1.026,0.585,0.33,0.38,5.63,4.05,5.85,21600.0,99.0,441.7,5.6,6.99,87.41,3.0,13.76,7.53,0.043,0.273,0.684,10.63,98.57
Nicaragua,North America,6948392,6755895,6298598,5855734,130373,53.2962,1.0143,6.105,1.325,0.835,0.435,0.2,0.127,0.7,-1.22,29.11,2300.0,67.5,39.7,15.94,1.94,82.12,2.0,24.51,4.45,0.165,0.275,0.56,5.18,52.69
Niger,Africa,26207977,24333639,20128124,16647543,1267000,20.6851,1.0378,4.628,0.774,0.366,0.318,0.188,0.102,0.0,-0.67,121.69,800.0,17.6,1.9,3.54,0.01,96.45,1.0,50.73,20.91,0.39,0.17,0.44,0.67,70.82
Nigeria,Africa,218541212,208327405,183995785,160952853,923768,236.5759,1.0241,5.265,1.111,0.245,0.426,0.215,0.041,0.09,0.26,98.8,900.0,68.0,9.3,31.29,2.96,65.75,1.5,40.43,16.94,0.269,0.487,0.244,10.84,67.76
Norway,Europe,5434319,5379839,5190356,4889741,323802,16.7828,1.0058,7.554,1.582,1.028,0.603,0.271,0.341,7.77,1.74,3.7,37800.0,100.0,461.7,2.87,0.0,97.13,3.0,11.46,9.4,0.021,0.415,0.564,7.41,97.13
Oman,Asia,4576298,4543399,4191776,2881914,309500,14.7861,1.0123,,,,,,,0.98,0.28,19.51,13100.0,75.8,85.5,0.0,0.14,99.74,1.0,36.24,3.81,0.027,0.39,0.583,0.78,78.7
Pakistan,Asia,235824862,227196741,210969298,194454498,881912,267.4018,1.0191,5.653,0.886,0.535,0.313,0.22,0.098,0.13,-2.77,72.44,2100.0,45.7,31.8,27.87,0.87,71.26,1.0,29.74,8.23,0.216,0.251,0.533,0.34,80.0
Palau,Oceania,18055,17972,17794,18540,459,39.3355,1.0017,,,,,,,331.66,2.85,14.84,9000.0,92.0,325.6,8.7,4.35,86.95,2.0,18.03,6.8,0.062,0.12,0.818,,
Panama,North America,4408581,4294396,3957099,3623617,75417,58.4561,1.0132,6.321,1.442,0.91,0.516,0.109,0.054,3.18,-0.91,20.47,6300.0,92.6,137.9,7.36,1.98,90.66,2.0,21.74,5.36,0.068,0.156,0.776,7.98,79.0
Papua New Guinea,Oceania,10142619,9749640,8682174,7583269,462840,21.9139,1.0194,,,,,,,1.11,0.0,51.45,2200.0,64.6,10.9,0.46,1.44,98.1,2.0,29.36,7.25,0.353,0.381,0.266,1.39,78.49
Paraguay,South America,6780744,6618695,6177950,5768613,406752,16.6705,1.0115,5.743,1.475,0.777,0.514,0.184,0.08,0.0,-0.08,25.63,4700.0,94.0,49.2,7.6,0.23,92.17,2.0,29.1,4.49,0.224,0.207,0.569,7.58,84.04
Peru,South America,34049588,33304756,30711863,29229572,1285216,26.4933,1.0099,5.697,1.274,0.854,0.455,0.083,0.027,0.19,-1.05,31.94,5100.0,90.9,79.5,2.89,0.4,96.71,1.5,20.48,6.23,0.08,0.27,0.65,6.38,81.44
Philippines,Asia,115559009,112190977,103031365,94636700,342353,337.5434,1.0147,5.631,1.293,0.657,0.558,0.117,0.107,12.1,-1.5,23.51,4600.0,92.6,38.4,18.95,16.77,64.28,2.0,24.89,5.41,0.144,0.326,0.53,6.86,81.64
Poland,Europe,39857145,38428366,38553146,38597353,312679,127.4698,1.0404,6.182,1.438,0.884,0.483,0.117,0.05,0.16,-0.49,8.51,11100.0,99.8,306.3,45.91,1.12,52.97,3.0,9.85,9.89,0.05,0.311,0.64,11.71,96.35
Portugal,Europe,10270865,10298192,10365435,10588401,92090,111.5307,0.9981,5.693,1.431,0.999,0.508,0.047,0.025,1.94,3.57,5.05,18000.0,93.3,399.2,21.75,7.81,70.44,3.0,10.72,10.5,0.053,0.274,0.673,12.03,92.77
Puerto Rico,North America,3252407,3271564,3497335,3717922,8870,366.675,0.9989,,,,,,,3.63,-1.46,8.24,16800.0,94.1,283.1,3.95,5.52,90.53,2.0,12.77,7.65,0.01,0.45,0.54,,81.99
Qatar,Asia,2695122,2760385,2414573,1713504,11586,232.6189,1.0026,6.374,1.313,0.871,0.555,0.22,0.167,4.92,16.29,18.61,21500.0,82.5,232.0,1.64,0.27,98.09,1.0,15.56,4.72,0.002,0.801,0.197,1.59,80.78
Reunion,Africa,974052,957822,922495,890130,2511,387.914,1.0082,,,,,,,8.22,0.0,7.78,5800.0,88.9,380.9,13.6,1.2,85.2,2.0,18.9,5.49,0.08,0.19,0.73,,
Romania,Europe,19659267,19442038,19906079,20335211,238391,82.4665,1.0171,6.07,1.232,0.825,0.462,0.083,0.005,0.09,-0.13,26.43,7000.0,98.4,196.9,40.82,2.25,56.93,3.0,10.7,11.77,0.101,0.35,0.549,11.74,86.88
Russia,Europe,144713314,145617329,144668389,143242599,17098242,8.4636,0.9973,5.648,1.452,0.726,0.334,0.082,0.031,0.22,1.02,15.39,8900.0,99.6,280.6,7.33,0.11,92.56,,9.95,14.65,0.054,0.371,0.575,11.19,96.29
Rwanda,Africa,13776698,13146362,11642959,10309031,26338,523.0731,1.0234,3.334,0.711,0.614,0.555,0.217,0.411,0.0,0.0,91.23,1300.0,70.4,2.7,40.54,12.16,47.3,3.0,40.37,16.09,0.401,0.229,0.37,8.95,69.95
Saint Lucia,North America,179857,179237,175623,170935,616,291.9756,1.0011,,,,,,,25.65,-2.67,13.53,5400.0,67.0,303.3,6.56,22.95,70.49,2.0,19.68,5.08,0.07,0.2,0.73,10.6,73.68
Saint Vincent and the Grenadines,North America,103948,104632,106482,109308,389,267.2185,0.9963,,,,,,,21.59,-7.64,14.78,2900.0,96.0,190.9,17.95,17.95,64.1,2.0,16.18,5.98,0.1,0.26,0.64,9.06,63.42
Samoa,Oceania,222382,214929,203571,194672,2842,78.2484,1.0165,,,,,,,13.69,-11.7,27.71,5600.0,99.7,75.2,21.2,24.38,54.42,2.0,16.43,6.62,0.114,0.584,0.302,2.66,83.96
San Marino,Europe,33660,34007,33570,31608,61,551.8033,0.9975,,,,,,,0.0,10.98,5.73,34600.0,96.0,704.3,16.67,0.0,83.33,,10.02,8.17,,,,,
Saudi Arabia,Asia,36408820,35997107,32749848,29411929,2149690,16.9368,1.0128,6.375,1.357,0.795,0.439,0.08,0.132,0.13,-2.71,13.24,11800.0,78.8,140.6,1.67,0.09,98.24,1.0,29.34,2.58,0.033,0.613,0.354,0.19,76.36
Senegal,Africa,17316449,16436119,14356181,12530121,196722,88.025,1.0261,4.681,1.134,0.571,0.292,0.153,0.072,0.27,0.2,55.51,1600.0,40.2,22.2,12.78,0.21,87.01,2.0,32.78,9.42,0.172,0.209,0.619,0.76,77.37
Serbia,Europe,7221365,7358005,7519496,7653748,88361,81.7257,0.9897,5.603,1.383,0.854,0.282,0.137,0.039,0.0,-1.33,12.89,2200.0,93.0,285.8,33.35,3.2,63.45,,,,0.166,0.255,0.579,8.75,89.6
Seychelles,Africa,107118,105530,99240,92409,452,236.9867,1.0061,,,,,,,107.91,-5.69,15.53,7800.0,58.0,262.4,2.22,13.33,84.45,2.0,16.03,6.29,0.032,0.304,0.665,20.5,78.76
Sierra Leone,Africa,8605718,8233969,7314773,6436698,71740,119.957,1.022,4.374,0.841,0.242,0.309,0.252,0.045,0.56,0.0,143.64,500.0,31.4,4.0,6.98,0.89,92.13,2.0,45.76,23.03,0.49,0.31,0.21,5.7,45.07
Singapore,Asia,5975689,5909869,5650018,5163590,710,8416.4634,1.0058,6.262,1.463,1.141,0.556,0.271,0.453,27.85,11.53,2.29,23700.0,92.5,411.4,1.64,0.0,98.36,2.0,9.34,4.28,0.0,0.339,0.661,2.03,105.89
Slovakia,Europe,5643453,5456681,5424444,5396424,49037,115.0856,1.0359,6.198,1.504,0.881,0.334,0.121,0.014,0.0,0.3,7.41,13300.0,,220.1,30.16,2.62,67.22,3.0,10.65,9.45,0.035,0.294,0.672,11.14,96.32
Slovenia,Europe,2119844,2117641,2080862,2057286,20273,104.5649,1.0002,6.118,1.523,0.953,0.564,0.144,0.057,0.23,1.12,4.45,19000.0,99.7,406.1,8.6,1.49,89.91,,8.98,10.31,0.028,0.369,0.603,11.9,98.6
Solomon Islands,Oceania,724273,691191,612660,540394,28896,25.0648,1.0232,,,,,,,18.67,0.0,21.29,1700.0,,13.4,0.64,2.0,97.36,2.0,30.01,3.92,0.42,0.11,0.47,1.83,83.96
Somalia,Africa,17597511,16537016,13763906,12026649,637657,27.5971,1.0312,4.668,0.698,0.268,0.559,0.243,0.27,0.47,5.37,116.7,500.0,37.8,11.3,1.67,0.04,98.29,1.0,45.13,16.63,0.65,0.1,0.25,0.009,67.67
South Africa,Africa,59893885,58801927,55876504,51784921,1221037,49.0517,1.0084,4.722,1.351,0.469,0.389,0.13,0.055,0.23,-0.29,61.81,10700.0,86.4,107.0,12.08,0.79,87.13,1.0,18.2,22.0,0.025,0.303,0.671,9.52,68.87
Spain,Europe,47558630,47363807,46431342,46572772,505992,93.9909,1.0015,6.354,1.484,1.062,0.362,0.153,0.079,0.98,0.99,4.42,22000.0,97.9,453.5,26.07,9.87,64.06,3.0,10.06,9.72,0.04,0.295,0.665,12.72,93.9
Sri Lanka,Asia,21832143,21715079,21336697,20668557,65610,332.7563,1.0027,4.366,1.265,0.831,0.47,0.244,0.047,2.04,-1.31,14.35,3700.0,92.3,61.5,13.86,15.7,70.44,2.0,15.51,6.52,0.178,0.276,0.545,4.1,86.62
Sudan,Africa,46874204,44440486,38171178,33739933,1886068,24.8529,1.0267,,,,,,,0.03,-0.02,62.5,1900.0,61.1,16.3,6.83,0.18,92.99,2.0,34.53,8.97,0.387,0.203,0.41,0.51,78.87
Suriname,South America,618040,607065,575475,546080,163820,3.7727,1.0082,,,,,,,0.24,-8.81,23.57,4000.0,93.0,184.7,0.37,0.06,99.57,2.0,18.02,7.27,0.13,0.22,0.65,5.33,90.29
Sweden,Europe,10549347,10368969,9849349,9381729,450295,23.4276,1.0079,7.343,1.487,1.009,0.574,0.267,0.373,0.72,1.67,2.77,26800.0,99.0,715.0,6.54,0.01,93.45,3.0,10.27,10.31,0.011,0.282,0.707,8.93,97.0
Switzerland,Europe,8740472,8638613,8281732,7822435,41284,211.7157,1.0056,7.48,1.526,1.052,0.572,0.263,0.343,0.0,4.05,4.39,32700.0,99.0,680.9,10.42,0.61,88.97,3.0,9.71,8.49,0.015,0.34,0.645,11.53,99.24
Syria,Asia,22125249,20772595,19205178,22337563,185180,119.4797,1.0376,3.462,0.378,0.44,0.013,0.331,0.141,0.1,0.0,29.53,3300.0,76.9,153.8,25.22,4.43,70.35,1.0,27.76,4.81,0.249,0.23,0.519,0.24,74.41
Taiwan,Asia,23893394,23821464,23512136,23083083,36193,660.1662,1.0014,6.446,1.43,0.914,0.351,0.242,0.097,4.35,0.0,6.4,23400.0,96.1,591.0,24.0,1.0,75.0,2.0,12.56,6.48,0.018,0.259,0.723,,106.47
Tajikistan,Asia,9952787,9543207,8524063,7621779,143100,69.5513,1.0208,5.467,1.098,0.718,0.389,0.23,0.144,0.0,-2.86,110.76,1000.0,99.4,33.5,6.61,0.92,92.47,2.0,32.65,8.25,0.234,0.286,0.48,3.28,87.71
Tanzania,Africa,65497748,61704518,52542823,45110527,945087,69.3034,1.03,3.231,0.885,0.499,0.417,0.276,0.147,0.15,-2.06,98.54,600.0,78.2,4.0,4.52,1.08,94.4,,37.71,16.39,0.432,0.172,0.396,11.27,74.95
Thailand,Asia,71697030,71475664,70294397,68270489,513120,139.7276,1.0013,6.008,1.409,0.828,0.557,0.359,0.028,0.63,0.0,20.48,7400.0,92.6,108.9,29.36,6.46,64.18,2.0,13.87,7.04,0.099,0.441,0.46,8.3,88.87
Togo,Africa,8848699,8442580,7473229,6571855,56785,155.8281,1.0236,4.085,0.572,0.41,0.293,0.177,0.085,0.1,0.0,66.61,1500.0,60.9,10.6,46.15,2.21,51.64,2.0,37.01,9.83,0.395,0.204,0.401,2.46,59.83
Tonga,Oceania,106858,105254,106122,107383,747,143.0495,1.0079,,,,,,,56.02,0.0,12.62,2200.0,98.5,97.7,23.61,43.06,33.33,2.0,25.37,5.28,0.23,0.27,0.5,0.8,83.96
Tunisia,Africa,12356117,12161723,11557779,10895063,163610,75.5218,1.0076,4.461,1.0,0.815,0.167,0.059,0.055,0.7,-0.57,24.77,6900.0,74.2,123.6,17.86,13.74,68.4,3.0,15.52,5.13,0.132,0.318,0.55,2.12,79.22
Turkey,Asia,85341241,84135428,79646178,73195345,783562,108.9145,1.0067,5.373,1.36,0.808,0.195,0.083,0.106,0.92,0.0,41.04,6700.0,86.5,269.5,30.93,3.31,65.76,3.0,16.62,5.97,0.117,0.298,0.585,2.05,86.8
Turkmenistan,Asia,6430770,6250438,5766431,5267970,488100,13.1751,1.014,5.247,1.538,0.657,0.394,0.244,0.028,0.0,-0.86,73.08,5800.0,98.0,74.6,3.72,0.14,96.14,1.0,27.61,8.6,0.209,0.38,0.411,4.93,85.86
Tuvalu,Oceania,11312,11069,10877,10550,26,435.0769,1.0096,,,,,,,92.31,0.0,20.03,1100.0,,59.3,0.0,0.0,100.0,2.0,22.18,7.11,0.166,0.272,0.562,1.52,
Uganda,Africa,47249585,44404611,37477356,32341728,241550,195.61,1.0304,4.189,1.069,0.443,0.356,0.252,0.06,0.0,0.0,67.83,1400.0,69.9,3.6,25.88,10.65,63.47,2.0,47.35,12.24,0.311,0.222,0.469,15.09,76.42
Ukraine,Europe,39701739,43909666,44982564,45683020,603500,65.7858,0.912,4.332,1.39,0.739,0.178,0.187,0.01,0.46,-0.39,20.34,5400.0,99.7,259.9,56.21,1.61,42.18,3.0,8.82,14.39,0.187,0.452,0.361,8.32,90.07
United Arab Emirates,Asia,9441129,9287289,8916899,8481771,83600,112.9322,1.0081,6.825,1.31,0.825,0.598,0.262,0.182,1.59,1.03,14.51,23200.0,77.9,475.3,0.6,2.25,97.15,1.0,18.96,4.4,0.04,0.585,0.375,3.9,82.05
United Kingdom,Europe,67508936,67059474,65224364,62760039,242900,277.9289,1.0034,7.054,1.538,0.996,0.45,0.348,0.278,5.08,2.19,5.16,27700.0,99.0,543.5,23.46,0.21,76.33,3.0,10.71,10.13,0.005,0.237,0.758,11.45,99.12
United States,North America,338289857,335942003,324607776,311182845,9372610,36.0935,1.0038,6.892,1.457,0.874,0.454,0.28,0.128,0.21,3.41,6.5,37800.0,97.0,898.0,19.13,0.22,80.65,3.0,14.14,8.26,0.01,0.204,0.787,9.87,97.43
Uruguay,South America,3422794,3429086,3402818,3352651,181034,18.9069,0.999,6.293,1.465,0.891,0.523,0.127,0.15,0.37,-0.32,11.95,12800.0,98.0,291.4,7.43,0.23,92.34,3.0,13.91,9.05,0.093,0.311,0.596,6.92,87.59
Uzbekistan,Asia,34627652,33526656,30949417,28614227,447400,77.3975,1.016,6.174,1.529,0.756,0.631,0.322,0.24,0.0,-1.72,71.1,1700.0,99.3,62.9,10.83,0.83,88.34,1.0,26.36,7.84,0.342,0.229,0.43,2.59,89.01
Vanuatu,Oceania,326740,311685,276438,245453,12189,26.8061,1.0238,,,,,,,20.72,0.0,55.16,2900.0,53.0,32.6,2.46,7.38,90.16,2.0,22.72,7.82,0.26,0.12,0.62,2.25,93.92
Venezuela,South America,28301696,28490453,30529716,28715022,916445,30.882,1.0036,4.707,1.427,0.805,0.154,0.064,0.047,0.31,-0.04,22.2,4800.0,93.4,140.1,2.95,0.92,96.13,2.0,18.71,4.92,0.04,0.419,0.541,4.14,82.99
Vietnam,Asia,98186856,96648685,92191398,87411012,331212,296.4472,1.0074,5.175,1.346,0.851,0.543,0.147,0.073,1.05,-0.45,25.95,2500.0,90.3,187.7,19.97,5.95,74.08,2.0,16.86,6.22,0.209,0.41,0.381,8.66,89.53
Wallis and Futuna,Oceania,11572,11655,12182,13142,142,81.493,0.9953,,,,,,,47.08,,,3700.0,50.0,118.6,5.0,25.0,70.0,2.0,,,,,,,
Yemen,Asia,33696614,32284046,28516545,24743946,527968,63.8232,1.0217,3.38,1.163,0.463,0.143,0.108,0.077,0.36,0.0,61.5,800.0,50.2,37.2,2.78,0.24,96.98,1.0,42.89,8.3,0.135,0.472,0.393,0.051,62.86
Zambia,Africa,20017675,18927715,16248230,13792086,752612,26.5976,1.028,4.107,1.058,0.426,0.431,0.247,0.087,0.0,0.0,88.29,800.0,80.6,8.2,7.08,0.03,92.9,2.0,41.0,19.93,0.22,0.29,0.489,6.54,68.43
Zimbabwe,Africa,16320537,15669666,14154937,12839771,390757,41.7665,1.0204,3.663,1.114,0.433,0.361,0.151,0.089,0.0,0.0,67.69,1900.0,90.7,26.8,8.32,0.34,91.34,2.0,28.01,21.84,0.179,0.243,0.579,4.67,74.01
